Reading No,Reading Type,Duration,Main,Low,High,Light,Time,User,Sigma Value,Units,Batch,Heat,Lot,Note,Sample,Mode,Ag,As,Au,Bal,Bi,Cd,Co,Cr,Cu,Fe,Hf,Hg,Mn,Mo,Nb,Ni,Pb,Pd,Rb,Re,Sb,Se,Sn,Sr,Ta,Th,Ti,U,V,W,Y,Zn,Zr
5320,Mining,27.511,,,,,Fri Jun 19 2026 - 03:35:22,User,1.5,ppm,,,,,180649A,Mining,<LOD=8.4822,12.4883 ± 3.5952,<LOD=4.7044,970338.8750 ± 314.6411,<LOD=2.2288,<LOD=10.0057,<LOD=58.0568,<LOD=54.1380,61.7290 ± 4.7632,23861.4863 ± 118.1464,<LOD=0.0000,<LOD=4.6130,679.0799 ± 35.8309,3.2729 ± 1.2802,59.2586 ± 1.2052,19.9132 ± 6.2260,229.8178 ± 3.6497,<LOD=8.6533,125.0240 ± 2.0964,<LOD=0.0000,<LOD=17.5170,<LOD=1.2994,<LOD=11.3553,149.4953 ± 1.1361,<LOD=0.0000,17.3913 ± 1.9579,3349.8245 ± 185.3831,<LOD=3.8627,244.6372 ± 76.3573,<LOD=11.4893,53.5175 ± 1.3316,248.4164 ± 5.8702,545.7686 ± 2.9996
5321,Mining,27.400999,,,,,Fri Jun 19 2026 - 03:35:57,User,1.5,ppm,,,,,180649A,Mining,<LOD=8.7138,13.9769 ± 3.6790,<LOD=4.8516,970107.8750 ± 325.8381,<LOD=2.2388,<LOD=10.2718,<LOD=59.4219,<LOD=62.9809,61.5363 ± 4.8615,23929.1758 ± 120.8836,<LOD=0.0000,<LOD=3.5919,662.6883 ± 36.3458,3.4296 ± 1.3159,58.4011 ± 1.2367,16.6352 ± 6.2627,228.0970 ± 3.7205,<LOD=8.8738,125.0288 ± 2.1465,<LOD=0.0000,<LOD=17.9564,<LOD=1.3350,<LOD=11.6370,148.5535 ± 1.1581,<LOD=0.0000,18.2447 ± 1.9985,3560.8435 ± 192.9138,2.8585 ± 1.6015,225.7199 ± 78.1417,<LOD=0.0000,53.4656 ± 1.3606,242.8673 ± 5.9186,540.6333 ± 3.0537
5322,Mining,20.339001,,,,,Fri Jun 19 2026 - 03:36:25,User,1.5,ppm,,,,,180649A,Mining,<LOD=8.7423,14.0448 ± 3.6717,<LOD=4.8637,970140.4375 ± 328.7431,<LOD=2.0979,<LOD=10.2810,<LOD=59.1273,<LOD=86.6868,59.9447 ± 4.8472,23910.9570 ± 121.0307,<LOD=0.0000,<LOD=3.3240,652.1816 ± 36.2587,4.4589 ± 1.3263,57.9174 ± 1.2376,25.8857 ± 6.3997,226.0747 ± 3.7156,<LOD=8.9038,127.4091 ± 2.1710,<LOD=0.0000,<LOD=17.9582,<LOD=1.3654,<LOD=11.6879,149.2107 ± 1.1623,<LOD=0.0000,21.5462 ± 2.0016,3600.0591 ± 193.8243,3.6812 ± 1.6263,156.7511 ± 76.5374,<LOD=0.0000,53.6347 ± 1.3667,252.6484 ± 6.0319,543.1036 ± 3.0661
5323,Mining,27.469,,,,,Fri Jun 19 2026 - 03:37:57,User,1.5,ppm,,,,,180661,Mining,216.3978 ± 194.1660,327.1908 ± 8.2434,<LOD=15.3896,977615.7500 ± 260.7519,<LOD=3.9786,423.3673 ± 170.4299,<LOD=55.5257,64.3830 ± 5.9495,12.0733 ± 4.0467,16604.0391 ± 115.1331,<LOD=0.0000,<LOD=3.4036,89.5086 ± 27.1950,<LOD=1.8148,12.9888 ± 0.9518,<LOD=11.2821,570.0715 ± 6.9444,<LOD=10.0161,68.0525 ± 1.8017,<LOD=0.0000,<LOD=20.0416,431.4563 ± 5.5382,<LOD=13.0895,78.7213 ± 0.9466,<LOD=0.0000,3.6293 ± 2.6003,317.7184 ± 30.4621,<LOD=3.4053,32.5872 ± 8.0640,<LOD=9.2094,20.5348 ± 1.2541,39.9927 ± 3.2738,285.5580 ± 2.4670,449.7492 ± 68.1019,2336.2151 ± 113.8417
5324,Mining,20.378,,,,,Fri Jun 19 2026 - 03:38:25,User,1.5,ppm,,,,,180661,Mining,217.0746 ± 190.8395,326.2277 ± 7.9070,<LOD=14.7064,977419.6875 ± 306.6787,<LOD=3.8306,422.5984 ± 168.9910,<LOD=57.2743,384.9159 ± 48.2004,17.9372 ± 4.0547,16624.6172 ± 110.9345,<LOD=0.0000,<LOD=3.2208,78.1680 ± 25.6354,<LOD=2.5262,11.9156 ± 0.9115,<LOD=9.3855,583.0386 ± 6.7083,<LOD=9.6653,65.9609 ± 1.7121,<LOD=0.0000,<LOD=19.3490,434.5931 ± 5.3641,<LOD=12.6077,79.1813 ± 0.9113,<LOD=0.0000,5.4514 ± 2.5294,2728.4272 ± 194.6414,<LOD=3.5425,244.6937 ± 83.3080,<LOD=8.5893,21.8285 ± 1.2151,44.3727 ± 3.2397,289.3213 ± 2.3883,,
5325,Mining,26.775999,,,,,Fri Jun 19 2026 - 03:39:00,User,1.5,ppm,,,,,180661,Mining,212.3023 ± 186.6469,339.3824 ± 7.8197,<LOD=14.2639,977158.1875 ± 306.3071,<LOD=3.7274,411.6440 ± 164.6131,<LOD=52.5698,358.6595 ± 46.8429,10.1424 ± 3.7865,16696.1973 ± 109.5892,<LOD=0.0000,<LOD=3.2338,108.9138 ± 26.0791,<LOD=1.9365,11.7619 ± 0.9062,<LOD=10.1151,573.3220 ± 6.5516,<LOD=9.5423,64.0202 ± 1.6702,<LOD=0.0000,<LOD=19.0767,421.0607 ± 5.2084,<LOD=12.4491,77.2696 ± 0.8887,<LOD=0.0000,5.8239 ± 2.4671,2937.2961 ± 195.5390,2.3405 ± 1.4812,254.3736 ± 82.9574,<LOD=8.7357,20.3646 ± 1.1811,47.2993 ± 3.2547,289.6566 ± 2.3549,,
5326,Mining,27.023001,,,,,Fri Jun 19 2026 - 03:40:18,User,1.5,ppm,,,,,quartz,Mining,<LOD=7.2786,2.5259 ± 1.0079,<LOD=3.5132,999615.1875 ± 128.6729,<LOD=1.3633,<LOD=8.6526,<LOD=10.3331,<LOD=40.7360,<LOD=3.9144,375.8182 ± 18.9617,<LOD=0.0000,<LOD=1.9101,<LOD=21.2605,<LOD=1.0957,<LOD=0.8765,<LOD=5.3370,6.4914 ± 0.9519,<LOD=7.5502,<LOD=0.7020,<LOD=0.0000,<LOD=14.9292,<LOD=0.9246,<LOD=9.7143,<LOD=0.3052,<LOD=0.0000,<LOD=1.2579,<LOD=165.7797,<LOD=1.2847,<LOD=78.5936,<LOD=0.0000,<LOD=0.6122,<LOD=2.0717,<LOD=0.7231,,
5327,Mining,26.794001,,,,,Fri Jun 19 2026 - 03:40:52,User,1.5,ppm,,,,,quartz,Mining,<LOD=7.4329,<LOD=2.1661,<LOD=3.5600,999604.8750 ± 124.3595,<LOD=1.3656,<LOD=8.8098,<LOD=10.3797,<LOD=39.5810,<LOD=3.9987,385.7876 ± 19.6267,<LOD=0.0000,<LOD=1.8299,<LOD=24.1980,<LOD=1.1147,<LOD=0.8909,<LOD=5.5299,9.3580 ± 1.0365,<LOD=7.6951,<LOD=0.7134,<LOD=0.0000,<LOD=15.2369,<LOD=0.9550,<LOD=9.8969,<LOD=0.3105,<LOD=0.0000,<LOD=1.2722,<LOD=156.6836,<LOD=1.3609,<LOD=80.5805,<LOD=0.0000,<LOD=0.6361,<LOD=2.1220,<LOD=0.7380,,
5328,Mining,20.094999,,,,,Fri Jun 19 2026 - 03:41:20,User,1.5,ppm,,,,,quartz,Mining,<LOD=7.2906,1.6638 ± 1.0200,<LOD=3.3416,999607.5625 ± 128.7807,<LOD=1.3467,<LOD=8.6708,<LOD=10.5442,<LOD=40.5416,<LOD=3.7828,382.6930 ± 19.1904,<LOD=0.0000,<LOD=1.9065,<LOD=22.3603,<LOD=1.0920,<LOD=0.8718,<LOD=5.5161,8.0912 ± 0.9960,<LOD=7.5594,<LOD=0.6897,<LOD=0.0000,<LOD=14.9728,<LOD=0.9216,<LOD=9.7332,<LOD=0.3008,<LOD=0.0000,<LOD=1.5403,<LOD=163.4738,<LOD=1.2930,<LOD=82.8964,<LOD=0.0000,<LOD=0.6207,<LOD=2.0245,<LOD=0.7192,,
5329,Mining,27.106001,,,,,Fri Jun 19 2026 - 03:42:46,User,1.5,ppm,,,,,180706,Mining,<LOD=8.9739,41.4532 ± 7.2671,<LOD=6.2764,978111.0625 ± 274.2401,<LOD=3.1085,<LOD=10.5481,<LOD=50.5933,<LOD=72.6384,237.6872 ± 7.7450,16307.7012 ± 105.1279,<LOD=0.0000,<LOD=3.5083,933.4697 ± 41.8528,12.9383 ± 1.1906,25.2267 ± 1.0092,47.2873 ± 6.8159,959.4963 ± 7.3355,<LOD=9.2355,155.9382 ± 2.3898,<LOD=0.0000,<LOD=18.6574,<LOD=1.7263,<LOD=12.0052,143.5534 ± 1.1497,<LOD=0.0000,12.1254 ± 2.6754,1591.1122 ± 164.5402,2.8033 ± 1.6419,248.1956 ± 75.8692,16.7179 ± 8.6161,30.9207 ± 1.4387,867.2605 ± 10.8151,255.1054 ± 2.2203,,
5330,Mining,26.896999,,,,,Fri Jun 19 2026 - 03:43:21,User,1.5,ppm,,,,,180706,Mining,<LOD=9.0503,43.3067 ± 7.2805,<LOD=6.5908,978219.6875 ± 275.9182,<LOD=3.1242,<LOD=10.6275,<LOD=50.9520,<LOD=71.0919,232.8603 ± 7.7478,16310.0576 ± 106.0938,<LOD=0.0000,<LOD=5.2611,909.9272 ± 41.8186,12.4911 ± 1.1979,25.6777 ± 1.0194,45.5553 ± 6.8069,942.3203 ± 7.3348,<LOD=9.3110,153.4951 ± 2.3931,<LOD=0.0000,<LOD=18.7924,<LOD=1.8121,<LOD=12.0943,141.6215 ± 1.1524,<LOD=0.0000,7.5767 ± 2.6278,1566.2748 ± 165.5004,2.4828 ± 1.6498,251.3896 ± 76.5781,<LOD=19.1749,30.4926 ± 1.4412,849.3054 ± 10.8033,255.5037 ± 2.2369,,
5332,Mining,34.986,,,,,Fri Jun 19 2026 - 03:46:20,User,1.5,ppm,,,,,covica_S4_0.63mm_R1,Mining,31.2507 ± 28.0578,17.2250 ± 2.1606,<LOD=5.5132,680493.0000 ± 1859.3286,<LOD=2.4242,<LOD=12.8547,<LOD=38.1425,<LOD=10.0834,22.1589 ± 4.7296,6314.4082 ± 82.8793,<LOD=0.0000,<LOD=3.1287,307.2535 ± 33.6208,<LOD=1.7402,<LOD=1.4047,<LOD=8.9258,21.3783 ± 1.8357,<LOD=10.9883,<LOD=2.3638,<LOD=0.0000,<LOD=22.3352,<LOD=1.4516,<LOD=14.3865,1588.1261 ± 4.3202,<LOD=0.0000,<LOD=2.4154,224.3780 ± 23.9350,8.7874 ± 3.4943,<LOD=10.9563,<LOD=0.0000,<LOD=1.1385,39.2884 ± 3.4661,<LOD=3.8014,310518.9688 ± 575.0198,413.7557 ± 73.7682
5333,Mining,33.444,,,,,Fri Jun 19 2026 - 03:47:18,User,1.5,ppm,,,,,covica_S4_0.63mm_R1,Mining,26.0599 ± 23.3975,10.9666 ± 2.0475,<LOD=5.6948,677368.1875 ± 1920.5103,<LOD=2.4548,<LOD=12.9295,<LOD=36.4165,<LOD=16.8367,21.0772 ± 4.7942,5691.7622 ± 80.7128,<LOD=0.0000,<LOD=3.4437,179.2183 ± 30.0830,<LOD=1.9669,<LOD=1.4652,<LOD=8.7734,21.1224 ± 1.8738,<LOD=11.2306,8.1232 ± 1.7011,<LOD=0.0000,<LOD=22.8745,<LOD=1.5132,<LOD=14.6815,1562.2045 ± 4.3796,<LOD=0.0000,<LOD=2.4661,309.1766 ± 27.8344,8.7328 ± 3.5530,<LOD=11.2318,<LOD=0.0000,<LOD=1.5612,34.3324 ± 3.4099,14.3999 ± 2.6388,311168.5000 ± 598.6584,3576.1255 ± 124.0305
5334,Mining,33.806999,,,,,Fri Jun 19 2026 - 03:48:10,User,1.5,ppm,,,,,covica_S4_0.63mm_R1,Mining,32.0270 ± 28.7547,11.4057 ± 2.1195,<LOD=6.0072,648358.6250 ± 2075.7263,<LOD=2.4085,<LOD=13.1979,<LOD=34.9013,19.2548 ± 7.7027,24.1214 ± 4.9680,5110.9375 ± 78.1122,<LOD=0.0000,<LOD=3.2220,200.4853 ± 31.3879,<LOD=1.8264,<LOD=1.4693,<LOD=8.6301,22.4804 ± 1.9454,<LOD=11.4842,6.3809 ± 1.7200,<LOD=0.0000,<LOD=23.3284,<LOD=1.6396,<LOD=15.0141,1576.1064 ± 4.4759,<LOD=0.0000,<LOD=2.7374,208.1488 ± 26.2655,9.7584 ± 3.6422,<LOD=10.2000,<LOD=0.0000,<LOD=1.9997,35.1894 ± 3.4936,9.2640 ± 2.6737,343764.4062 ± 604.4770,611.3712 ± 79.4882
5335,Mining,47.229,,,,,Fri Jun 19 2026 - 03:50:24,User,1.5,ppm,,,,,covica_S4_1.18mm_R1,Mining,27.9970 ± 25.1366,8.5955 ± 2.1884,<LOD=5.9958,660566.8750 ± 1993.1812,<LOD=2.6048,<LOD=13.4985,<LOD=40.0460,8.8025 ± 4.7737,34.4991 ± 5.3817,6340.6182 ± 87.6023,<LOD=0.0000,<LOD=4.3991,428.2283 ± 39.0795,<LOD=1.8423,<LOD=1.4842,9.7027 ± 6.5527,28.4055 ± 2.1062,<LOD=11.5046,<LOD=2.8868,<LOD=0.0000,<LOD=23.5735,<LOD=1.6645,<LOD=15.1342,1502.7272 ± 4.4351,<LOD=0.0000,<LOD=3.6626,293.0174 ± 18.8259,16.4970 ± 3.7411,<LOD=7.7912,<LOD=0.0000,<LOD=1.8398,61.7713 ± 4.2229,5.1855 ± 2.6374,329901.6250 ± 387.0201,765.4092 ± 52.3091
5336,Mining,29.013,,,,,Fri Jun 19 2026 - 03:51:06,User,1.5,ppm,,,,,covica_S4_1.18mm_R1,Mining,32.6650 ± 29.3275,7.8626 ± 2.1362,<LOD=6.0240,666579.1250 ± 2102.5479,<LOD=2.4907,<LOD=19.4104,<LOD=30.3002,<LOD=14.3999,24.9065 ± 5.0516,3554.3906 ± 66.8066,<LOD=0.0000,<LOD=5.2899,187.5455 ± 31.3228,<LOD=1.8372,<LOD=1.4906,<LOD=10.5412,27.3396 ± 2.0710,<LOD=11.5657,26.9738 ± 2.0788,<LOD=0.0000,<LOD=23.5511,<LOD=1.5991,<LOD=15.1337,1580.5657 ± 4.5183,<LOD=0.0000,<LOD=3.0399,219.9955 ± 38.5797,18.6719 ± 3.8369,<LOD=13.1406,<LOD=0.0000,<LOD=1.3734,28.4199 ± 3.3413,<LOD=4.6745,320460.9375 ± 783.7151,7250.5439 ± 211.8873
5337,Mining,19.783001,,,,,Fri Jun 19 2026 - 03:51:48,User,1.5,ppm,,,,,covica_S4_1.18mm_R1,Mining,25.7731 ± 22.6725,13.7360 ± 2.3266,<LOD=6.1652,990359.1875 ± 256.4790,<LOD=2.4697,<LOD=19.4833,<LOD=44.2069,<LOD=101.3451,32.4958 ± 5.5747,7749.8218 ± 95.0920,<LOD=0.0000,<LOD=3.3663,141.3950 ± 31.8826,<LOD=1.7810,<LOD=1.4613,<LOD=15.3233,27.0727 ± 2.0833,<LOD=11.1061,3.1887 ± 1.6937,<LOD=0.0000,<LOD=22.4304,<LOD=1.9364,<LOD=14.4476,1586.0858 ± 4.5145,<LOD=0.0000,<LOD=2.7461,<LOD=285.9414,8.1221 ± 3.6873,<LOD=125.9092,<LOD=0.0000,<LOD=1.3376,53.1356 ± 4.1465,<LOD=3.9392,,
5338,Mining,20.427,,,,,Fri Jun 19 2026 - 03:52:53,User,1.5,ppm,,,,,covica_S4_1.8mm_R1,Mining,10.2114 ± 8.9831,11.1575 ± 2.0107,<LOD=5.6558,990955.0000 ± 226.1241,<LOD=2.3588,<LOD=11.9183,<LOD=39.9951,<LOD=66.5044,25.5517 ± 4.9969,6805.2886 ± 85.8872,<LOD=0.0000,<LOD=3.1259,759.4880 ± 47.0267,<LOD=1.6858,<LOD=1.3920,<LOD=10.6200,20.4151 ± 1.8076,<LOD=10.3648,<LOD=2.2304,<LOD=0.0000,<LOD=20.8944,<LOD=1.5390,<LOD=13.4204,1355.5645 ± 3.9499,<LOD=0.0000,<LOD=3.3840,<LOD=245.8574,11.0304 ± 3.3213,<LOD=119.6031,<LOD=0.0000,<LOD=1.3950,46.3483 ± 3.7308,<LOD=3.4821,,
5339,Mining,26.684,,,,,Fri Jun 19 2026 - 03:53:41,User,1.5,ppm,,,,,covica_S4_1.8mm_R1,Mining,12.3177 ± 10.8361,9.5004 ± 1.9223,<LOD=5.2331,992121.6875 ± 215.3275,<LOD=2.3083,<LOD=11.7904,<LOD=37.3080,<LOD=82.6740,37.2865 ± 5.2477,5978.9556 ± 80.5763,<LOD=0.0000,<LOD=4.6375,361.7064 ± 36.7697,<LOD=1.6782,<LOD=1.3907,<LOD=8.4716,18.6510 ± 1.7611,<LOD=10.2190,<LOD=2.2119,<LOD=0.0000,<LOD=20.5542,<LOD=1.7732,<LOD=13.2385,1386.0219 ± 3.9607,<LOD=0.0000,<LOD=3.4655,<LOD=235.6071,11.9735 ± 3.3391,<LOD=115.6181,<LOD=0.0000,1.5752 ± 0.7528,60.3661 ± 4.0319,<LOD=3.4837,,
5340,Mining,46.423,,,,,Fri Jun 19 2026 - 03:54:48,User,1.5,ppm,,,,,covica_S4_1.8mm_R1,Mining,22.0758 ± 19.8205,11.0566 ± 2.0038,<LOD=5.7184,682373.1875 ± 1810.1985,<LOD=2.7392,<LOD=12.6706,<LOD=35.2381,<LOD=6.7532,23.4160 ± 4.8403,5476.9082 ± 78.8887,<LOD=0.0000,<LOD=3.0657,557.0383 ± 40.7407,<LOD=1.7119,<LOD=1.3913,10.9702 ± 6.1460,20.0249 ± 1.8098,<LOD=10.9194,<LOD=2.1853,<LOD=0.0000,<LOD=22.3621,<LOD=1.5377,<LOD=14.4120,1256.4254 ± 3.8965,<LOD=0.0000,<LOD=2.3831,152.4260 ± 15.4600,11.5377 ± 3.2827,<LOD=6.3253,<LOD=0.0000,<LOD=1.8276,39.2299 ± 3.5018,<LOD=4.3298,309696.3750 ± 390.7935,349.2874 ± 47.9554
5341,Mining,39.118,,,,,Fri Jun 19 2026 - 03:56:16,User,1.5,ppm,,,,,LG_Spring_0.63mm_R1,Mining,22.2463 ± 19.9737,6.0310 ± 1.8879,<LOD=5.5774,663730.8750 ± 1909.7365,<LOD=2.3096,<LOD=12.7161,<LOD=31.4702,<LOD=8.1605,21.8552 ± 4.7809,4054.4021 ± 68.6581,<LOD=0.0000,<LOD=3.1875,192.9250 ± 30.4519,<LOD=1.7687,<LOD=1.4342,<LOD=8.6291,20.7302 ± 1.8453,<LOD=10.9875,<LOD=3.9028,<LOD=0.0000,<LOD=22.4652,<LOD=1.5005,<LOD=14.4547,1568.3571 ± 4.3584,<LOD=0.0000,<LOD=2.3190,142.9716 ± 20.7565,11.7972 ± 3.5781,<LOD=7.5616,<LOD=0.0000,<LOD=1.6127,45.7984 ± 3.6759,9.5967 ± 2.6044,329885.5938 ± 474.8019,286.8297 ± 57.3564
5342,Mining,33.150002,,,,,Fri Jun 19 2026 - 03:57:06,User,1.5,ppm,,,,,LG_Spring_0.63mm_R1,Mining,20.4782 ± 18.3862,5.9953 ± 1.8728,6.5028 ± 4.0599,631751.0625 ± 2073.5100,<LOD=2.3854,<LOD=12.7508,<LOD=29.6031,<LOD=12.6425,13.6022 ± 4.4895,3708.9287 ± 65.7048,<LOD=0.0000,<LOD=3.0539,325.8636 ± 34.2223,<LOD=1.7407,<LOD=1.4144,<LOD=8.1944,20.5140 ± 1.8291,<LOD=11.0452,<LOD=2.2278,<LOD=0.0000,<LOD=22.4788,<LOD=1.6359,<LOD=14.4709,1338.2838 ± 4.0161,<LOD=0.0000,<LOD=3.1660,178.1209 ± 26.1694,11.1544 ± 3.3489,<LOD=10.1983,<LOD=0.0000,<LOD=1.1260,39.9092 ± 3.5051,<LOD=4.2568,362312.4688 ± 619.9548,267.1058 ± 74.7275
5343,Mining,28.077999,,,,,Fri Jun 19 2026 - 03:57:51,User,1.5,ppm,,,,,LG_Spring_0.63mm_R1,Mining,19.0244 ± 17.0810,6.0482 ± 1.8671,<LOD=5.5444,644597.5625 ± 2178.5120,<LOD=2.3365,<LOD=12.7266,<LOD=26.4588,<LOD=17.9058,15.4247 ± 4.5963,2486.5747 ± 55.2194,<LOD=0.0000,<LOD=3.0754,243.9967 ± 32.0380,<LOD=1.6940,<LOD=1.3815,<LOD=10.3460,19.9646 ± 1.8084,<LOD=10.9670,<LOD=2.1385,<LOD=0.0000,<LOD=22.4713,<LOD=1.4750,<LOD=14.4552,1109.7306 ± 3.6888,<LOD=0.0000,<LOD=2.3184,172.4292 ± 39.6458,10.6060 ± 3.1462,<LOD=16.0235,<LOD=0.0000,<LOD=1.1139,38.7358 ± 3.4934,5.8336 ± 2.2266,351274.0625 ± 983.4461,<LOD=291.9508
5344,Mining,20.486,,,,,Fri Jun 19 2026 - 03:58:52,User,1.5,ppm,,,,,LG_Spring_1.18mm_R1,Mining,30.4392 ± 26.7770,9.7989 ± 2.2227,7.2843 ± 4.4703,993048.2500 ± 245.8648,<LOD=2.5998,17.3574 ± 8.6290,<LOD=35.9194,<LOD=116.7038,27.6110 ± 5.5478,4441.9292 ± 76.4127,<LOD=0.0000,<LOD=3.8465,532.0221 ± 45.0881,<LOD=1.7953,<LOD=1.4615,<LOD=15.0770,25.2745 ± 2.0617,<LOD=11.1734,<LOD=2.5172,<LOD=0.0000,<LOD=36.6546,<LOD=1.7871,<LOD=22.1842,1534.0397 ± 4.4813,<LOD=0.0000,<LOD=2.8219,250.0888 ± 186.5850,13.7613 ± 3.7764,<LOD=130.3526,<LOD=0.0000,<LOD=1.2016,62.1500 ± 4.4302,<LOD=3.9476,,
5345,Mining,19.271999,,,,,Fri Jun 19 2026 - 03:59:52,User,1.5,ppm,,,,,LG_Spring_1.18mm_R1,Mining,26.5357 ± 23.3433,7.4329 ± 2.2304,5.8649 ± 4.4481,993529.8125 ± 241.5215,<LOD=2.7925,<LOD=18.1980,<LOD=35.0470,<LOD=97.9781,38.0693 ± 5.9133,4320.3745 ± 76.5976,<LOD=0.0000,<LOD=3.4623,193.0142 ± 35.0141,<LOD=1.8929,<LOD=1.5421,<LOD=11.5419,26.8982 ± 2.1358,<LOD=11.4441,<LOD=2.7033,<LOD=0.0000,<LOD=25.3218,<LOD=1.7549,<LOD=14.9452,1770.1082 ± 4.8824,<LOD=0.0000,<LOD=2.7075,<LOD=273.9251,17.0427 ± 4.0991,<LOD=149.8978,<LOD=0.0000,<LOD=1.2339,64.8656 ± 4.5706,<LOD=4.3695,,
5346,Mining,29.681,,,,,Fri Jun 19 2026 - 04:00:59,User,1.5,ppm,,,,,LG_Spring_1.18mm_R1,Mining,29.1437 ± 26.1661,8.1726 ± 2.0495,<LOD=5.8075,630135.2500 ± 2186.1299,<LOD=2.3820,<LOD=14.3787,<LOD=31.6690,18.6432 ± 9.9419,31.9355 ± 5.1751,4037.8789 ± 69.6076,<LOD=0.0000,<LOD=3.6589,199.8549 ± 31.0068,<LOD=1.8150,<LOD=1.4906,<LOD=10.3980,23.9580 ± 1.9709,<LOD=11.2745,<LOD=2.5475,<LOD=0.0000,<LOD=23.0449,<LOD=1.5534,<LOD=14.8664,1788.5155 ± 4.7317,<LOD=0.0000,<LOD=3.5666,152.7482 ± 33.3933,17.0780 ± 3.9065,<LOD=12.8291,<LOD=0.0000,<LOD=1.3531,62.2687 ± 4.1401,<LOD=4.1410,363302.7500 ± 785.1937,191.7983 ± 92.8849
5347,Mining,31.209999,,,,,Fri Jun 19 2026 - 04:02:26,User,1.5,ppm,,,,,LG_Spring_1.8mm_R1,Mining,23.1307 ± 20.7677,16.1068 ± 2.3342,5.0704 ± 4.2363,662301.8125 ± 2074.3730,<LOD=2.5073,<LOD=13.3618,<LOD=46.3890,15.1467 ± 8.9450,43.2223 ± 5.6873,8899.8438 ± 103.0005,<LOD=0.0000,<LOD=3.1242,129.0456 ± 29.6372,<LOD=1.8464,<LOD=1.4743,<LOD=12.3102,24.7306 ± 2.0355,<LOD=11.4985,<LOD=2.5021,<LOD=0.0000,<LOD=23.7184,<LOD=1.6764,<LOD=15.2045,1585.9465 ± 4.6107,<LOD=0.0000,<LOD=2.6620,166.9503 ± 29.2195,16.9815 ± 3.8595,<LOD=12.7438,<LOD=0.0000,<LOD=1.1750,82.3358 ± 4.7370,5.9109 ± 2.7380,326357.7500 ± 686.6365,325.9934 ± 84.8510
5349,Mining,20.405001,,,,,Fri Jun 19 2026 - 04:03:55,User,1.5,ppm,,,,,LG_Spring_1.8mm_R1,Mining,21.4660 ± 18.8837,16.6297 ± 2.2985,<LOD=5.8273,988763.4375 ± 265.4809,<LOD=2.4753,<LOD=12.3548,<LOD=46.6862,<LOD=72.2415,50.1203 ± 5.8332,9266.1572 ± 99.4493,<LOD=0.0000,<LOD=3.2071,208.5905 ± 33.0128,<LOD=1.7605,<LOD=1.4513,<LOD=14.2547,25.7914 ± 1.9813,<LOD=10.7071,<LOD=2.4991,<LOD=0.0000,<LOD=21.6650,<LOD=1.5779,<LOD=13.9317,1539.1543 ± 4.3207,<LOD=0.0000,<LOD=2.4486,<LOD=279.4737,19.7332 ± 3.7173,<LOD=168.7118,<LOD=0.0000,1.3618 ± 0.7958,87.5370 ± 4.7712,<LOD=5.2968,,
5350,Mining,32.09,,,,,Fri Jun 19 2026 - 04:05:30,User,1.5,ppm,,,,,LG_Lake_flow_0.63mm_R1,Mining,22.8851 ± 20.5472,211.4266 ± 5.4262,<LOD=6.1340,785246.2500 ± 1471.7493,<LOD=3.0521,<LOD=13.6997,<LOD=106.0483,<LOD=15.3891,316.2768 ± 11.0669,62405.7188 ± 210.3589,<LOD=0.0000,<LOD=4.8546,222.9047 ± 33.7603,<LOD=1.8321,<LOD=1.4853,120.1594 ± 9.7297,27.3378 ± 2.1356,<LOD=11.7636,<LOD=2.4630,<LOD=0.0000,<LOD=24.1889,<LOD=1.7410,<LOD=15.6040,1220.7563 ± 4.1437,<LOD=0.0000,<LOD=2.7413,55.1524 ± 32.9412,9.5858 ± 3.4677,<LOD=12.2873,<LOD=13.2538,<LOD=1.1915,376.9618 ± 9.2714,<LOD=5.7950,149493.2344 ± 568.3974,271.3595 ± 75.1854
5351,Mining,28.003,,,,,Fri Jun 19 2026 - 04:06:11,User,1.5,ppm,,,,,LG_Lake_flow_0.63mm_R1,Mining,17.6414 ± 15.8393,204.9710 ± 5.1817,<LOD=6.4289,898241.1250 ± 799.3557,<LOD=2.9026,<LOD=12.9549,<LOD=100.8226,<LOD=6.8447,349.7183 ± 11.1833,62547.5898 ± 196.3339,<LOD=0.0000,<LOD=3.2618,283.3712 ± 33.4310,<LOD=1.7617,<LOD=1.4397,113.6048 ± 9.2460,27.5824 ± 2.0577,<LOD=11.1453,<LOD=3.1285,<LOD=0.0000,<LOD=22.8450,<LOD=1.7199,<LOD=14.7101,1264.8849 ± 4.0667,<LOD=0.0000,<LOD=2.5794,<LOD=39.2682,8.6578 ± 3.3623,<LOD=8.3119,<LOD=0.0000,<LOD=1.4372,404.5023 ± 9.2643,3.9200 ± 2.4197,35685.0039 ± 310.0512,847.4597 ± 79.7690
5352,Mining,21.228001,,,,,Fri Jun 19 2026 - 04:06:53,User,1.5,ppm,,,,,LG_Lake_flow_0.63mm_R1,Mining,21.3456 ± 18.7778,206.3046 ± 4.9649,<LOD=5.6224,937075.2500 ± 507.5105,<LOD=2.8194,<LOD=12.4284,<LOD=94.9309,<LOD=54.7352,361.1804 ± 10.8425,60176.5000 ± 184.7820,<LOD=0.0000,<LOD=3.6769,253.9138 ± 31.2808,<LOD=1.7405,<LOD=1.4094,112.2813 ± 8.9424,30.8172 ± 2.0187,<LOD=10.7318,<LOD=2.2689,<LOD=0.0000,<LOD=21.8360,<LOD=1.5696,<LOD=14.0585,1329.1127 ± 3.9827,<LOD=0.0000,<LOD=2.4123,<LOD=187.1280,13.7087 ± 3.3690,<LOD=95.3100,<LOD=12.6877,<LOD=1.4558,410.5171 ± 8.9712,9.0614 ± 2.3882,,
5354,Mining,19.85,,,,,Fri Jun 19 2026 - 04:08:47,User,1.5,ppm,,,,,LG_Lake_flow_1.18mm_R1,Mining,24.6981 ± 21.7268,213.4931 ± 5.2550,<LOD=6.3301,937452.8750 ± 528.8016,<LOD=2.7054,<LOD=13.0084,<LOD=98.8940,<LOD=57.8634,260.1088 ± 9.8708,59976.0781 ± 191.8226,<LOD=0.0000,<LOD=3.3397,196.6224 ± 31.0304,<LOD=1.8148,<LOD=1.4185,113.0734 ± 9.4480,33.4219 ± 2.1610,<LOD=11.2494,<LOD=2.2998,<LOD=0.0000,<LOD=22.9551,<LOD=2.5316,<LOD=14.7972,1309.5161 ± 4.1093,<LOD=0.0000,<LOD=2.4075,<LOD=200.1547,10.5060 ± 3.4242,<LOD=101.5298,<LOD=0.0000,<LOD=1.1731,378.1866 ± 8.9324,31.4227 ± 2.5743,,
5355,Mining,39.630001,,,,,Fri Jun 19 2026 - 04:09:50,User,1.5,ppm,,,,,LG_Lake_flow_1.18mm_R1,Mining,28.3779 ± 25.4786,215.0702 ± 5.3806,<LOD=6.4538,781986.6875 ± 1416.3798,<LOD=3.0084,<LOD=17.4222,<LOD=104.1961,<LOD=10.7079,310.7186 ± 10.6809,62554.9453 ± 204.4743,<LOD=0.0000,<LOD=3.4725,270.1445 ± 34.2530,<LOD=1.8241,<LOD=1.4694,97.5987 ± 9.2955,36.2190 ± 2.2646,<LOD=11.5663,<LOD=2.3610,<LOD=0.0000,<LOD=23.8832,<LOD=2.6728,<LOD=15.3851,1397.8606 ± 4.3066,<LOD=0.0000,<LOD=2.6231,<LOD=41.3752,14.3892 ± 3.6218,<LOD=9.5038,<LOD=0.0000,<LOD=1.1798,351.5110 ± 8.7128,11.7041 ± 2.5935,152591.0625 ± 425.6078,133.7257 ± 53.0781
5356,Mining,30.146,,,,,Fri Jun 19 2026 - 04:11:00,User,1.5,ppm,,,,,LG_Lake_flow_1.8mm_R1,Mining,31.8040 ± 28.5545,215.5343 ± 5.4597,<LOD=6.4753,788438.5625 ± 1491.2125,<LOD=3.1389,<LOD=17.8777,<LOD=105.8765,<LOD=17.9436,286.5390 ± 10.4770,64265.2148 ± 208.4947,<LOD=0.0000,<LOD=4.5833,192.9505 ± 32.4492,<LOD=1.8548,<LOD=1.5060,102.7477 ± 9.2282,36.2832 ± 2.2883,<LOD=11.7349,<LOD=2.3424,<LOD=0.0000,<LOD=24.2407,<LOD=1.7541,<LOD=15.6044,1286.1888 ± 4.1920,<LOD=0.0000,<LOD=2.7391,<LOD=68.0210,17.6514 ± 3.6260,<LOD=16.3592,<LOD=0.0000,<LOD=1.3798,261.8389 ± 7.7468,7.1661 ± 2.5132,144596.2188 ± 648.3694,261.3125 ± 87.3640
5357,Mining,19.673,,,,,Fri Jun 19 2026 - 04:11:38,User,1.5,ppm,,,,,LG_Lake_flow_1.8mm_R1,Mining,32.2822 ± 28.3982,212.4305 ± 5.5197,<LOD=6.4069,939105.0625 ± 539.2230,<LOD=3.0183,<LOD=20.2462,<LOD=102.3506,<LOD=60.9229,258.9355 ± 10.2381,58427.6836 ± 196.3697,<LOD=0.0000,<LOD=3.5161,121.8128 ± 30.0244,<LOD=1.8346,<LOD=1.5034,92.6118 ± 9.5834,43.3306 ± 2.4453,<LOD=11.5485,<LOD=2.4037,<LOD=0.0000,<LOD=23.7941,<LOD=1.9086,<LOD=15.2317,1426.0270 ± 4.4438,<LOD=0.0000,<LOD=2.7258,<LOD=205.7174,14.5380 ± 3.7349,<LOD=106.5898,<LOD=0.0000,<LOD=1.5232,265.2442 ± 7.9193,<LOD=3.9105,,
5358,Mining,20.334999,,,,,Fri Jun 19 2026 - 04:12:23,User,1.5,ppm,,,,,LG_Lake_flow_1.8mm_R1,Mining,20.0250 ± 17.6161,162.6101 ± 4.6839,<LOD=5.9001,948202.1250 ± 460.8060,<LOD=2.7634,<LOD=12.6059,<LOD=91.5141,<LOD=58.0319,238.5797 ± 9.4745,49643.9062 ± 179.5886,<LOD=0.0000,<LOD=3.2555,140.1446 ± 29.2501,<LOD=1.7134,<LOD=1.3670,94.8840 ± 8.9038,37.1803 ± 2.2014,<LOD=10.8231,<LOD=2.2344,<LOD=0.0000,<LOD=22.2044,<LOD=1.5881,<LOD=14.3295,1212.7208 ± 3.9133,<LOD=0.0000,<LOD=2.5270,<LOD=196.6686,13.7785 ± 3.3534,<LOD=119.2649,<LOD=0.0000,<LOD=1.1219,216.2758 ± 6.9226,17.7967 ± 2.4024,,
5360,Mining,28.809999,,,,,Fri Jun 19 2026 - 04:15:30,User,1.5,ppm,,,,,Covica_S3_0.63mm_R1,Mining,19.5319 ± 17.5366,11.5172 ± 2.0684,<LOD=5.7810,668635.2500 ± 2032.9926,<LOD=2.4167,<LOD=12.9894,<LOD=46.8741,15.7167 ± 11.0061,36.7713 ± 5.2765,10198.5322 ± 105.2962,<LOD=0.0000,<LOD=2.9827,199.3162 ± 30.9148,<LOD=1.8227,<LOD=1.4813,17.3237 ± 6.4867,21.2476 ± 1.8795,<LOD=11.2470,8.0534 ± 1.7627,<LOD=0.0000,<LOD=22.9511,<LOD=1.5163,<LOD=14.7585,1496.0446 ± 4.3081,<LOD=0.0000,<LOD=2.4447,313.4851 ± 45.2566,17.4960 ± 3.6471,<LOD=17.2133,<LOD=0.0000,1.3748 ± 0.8372,53.2553 ± 3.9041,8.3682 ± 2.5751,317448.5312 ± 849.2877,1498.1951 ± 133.2179
5362,Mining,45.723999,,,,,Fri Jun 19 2026 - 04:17:43,User,1.5,ppm,,,,,Covica_S3_1.18mm_R1,Mining,27.3972 ± 24.5981,23.6667 ± 2.5295,5.2439 ± 4.3447,632002.4375 ± 2133.5732,<LOD=2.2908,<LOD=13.5959,<LOD=55.4308,<LOD=11.3849,57.2231 ± 6.1117,14227.2373 ± 127.0349,<LOD=0.0000,<LOD=3.4002,981.0655 ± 52.7267,<LOD=1.9278,<LOD=1.5560,37.7837 ± 7.2873,25.0494 ± 2.0711,<LOD=11.7348,<LOD=2.6634,<LOD=0.0000,<LOD=24.0654,<LOD=1.7622,<LOD=15.4950,1783.2640 ± 4.8981,<LOD=0.0000,3.1583 ± 1.6811,48.0926 ± 20.7173,22.0087 ± 4.1222,25.6566 ± 5.9074,<LOD=0.0000,<LOD=1.2289,86.1066 ± 4.8348,<LOD=4.2927,350118.5625 ± 412.3220,526.0566 ± 50.2956
5363,Mining,19.951,,,,,Fri Jun 19 2026 - 04:18:25,User,1.5,ppm,,,,,Covica_S3_1.18mm_R1,Mining,26.3474 ± 23.1777,23.6752 ± 2.5383,<LOD=5.9777,983762.0000 ± 265.6991,<LOD=2.6723,<LOD=12.8927,<LOD=54.7729,<LOD=62.8995,46.9436 ± 5.8061,13598.4561 ± 116.8464,<LOD=0.0000,<LOD=3.2728,678.2897 ± 45.9708,<LOD=1.7567,<LOD=1.4525,20.0281 ± 6.9941,29.7030 ± 2.0748,<LOD=10.8202,<LOD=2.4750,<LOD=0.0000,<LOD=21.9617,<LOD=1.5482,<LOD=14.1377,1629.7926 ± 4.4891,<LOD=0.0000,<LOD=2.5545,<LOD=240.2225,18.7683 ± 3.8122,93.8810 ± 82.5332,<LOD=0.0000,<LOD=1.2154,72.1212 ± 4.4815,<LOD=5.8395,,
5365,Mining,29.811001,,,,,Fri Jun 19 2026 - 04:20:38,User,1.5,ppm,,,,,Covica_S3_1.18mm_R1,Mining,18.4833 ± 16.5951,23.5574 ± 2.5056,<LOD=6.0342,642077.5000 ± 2146.1267,<LOD=2.5520,<LOD=13.3462,<LOD=54.3908,19.7736 ± 10.0558,41.5116 ± 5.6120,13347.9082 ± 122.5975,<LOD=0.0000,<LOD=3.4031,601.6140 ± 43.6631,<LOD=1.8684,<LOD=1.5305,16.2792 ± 6.6626,24.9928 ± 2.0372,<LOD=11.4923,<LOD=2.5612,<LOD=0.0000,<LOD=23.6892,<LOD=1.6202,<LOD=15.1767,1652.3824 ± 4.6829,<LOD=0.0000,<LOD=2.5154,60.2406 ± 33.2347,21.8251 ± 3.9770,18.0983 ± 9.5609,<LOD=0.0000,<LOD=1.2948,70.7176 ± 4.4541,<LOD=4.1225,341654.0938 ± 733.7383,351.0271 ± 87.6379
5366,Mining,19.372,,,,,Fri Jun 19 2026 - 04:21:30,User,1.5,ppm,,,,,Covica_S3_1.8mm_R1,Mining,35.2383 ± 30.9985,20.6795 ± 2.4577,<LOD=6.3370,986257.5000 ± 280.9546,<LOD=2.5455,15.6390 ± 8.7041,<LOD=52.0513,<LOD=84.2153,56.9815 ± 6.2449,11852.6104 ± 113.4395,<LOD=0.0000,<LOD=3.3709,140.5116 ± 31.6612,<LOD=1.8295,<LOD=1.4754,22.3291 ± 7.0852,24.6621 ± 2.0254,<LOD=17.6817,<LOD=2.4773,<LOD=0.0000,<LOD=22.6595,<LOD=1.6881,<LOD=14.7811,1483.1833 ± 4.3992,<LOD=0.0000,<LOD=2.4881,<LOD=257.5657,18.4737 ± 3.7817,<LOD=189.1918,<LOD=0.0000,<LOD=1.1533,72.2419 ± 4.6185,<LOD=4.1658,,
5367,Mining,20.323999,,,,,Fri Jun 19 2026 - 04:22:09,User,1.5,ppm,,,,,Covica_S3_1.8mm_R1,Mining,15.0408 ± 13.2316,22.1288 ± 2.2754,<LOD=5.5024,981746.3750 ± 265.7322,<LOD=2.3527,<LOD=12.1270,<LOD=55.7962,<LOD=68.3720,74.1719 ± 6.2164,16598.0977 ± 121.4405,<LOD=0.0000,<LOD=3.5146,220.4537 ± 31.9683,<LOD=1.6850,<LOD=1.3854,29.2411 ± 6.5804,21.1103 ± 1.8107,<LOD=10.6146,<LOD=2.1086,<LOD=0.0000,<LOD=21.1636,<LOD=1.7313,<LOD=13.6309,1160.6748 ± 3.6753,<LOD=0.0000,<LOD=2.4957,<LOD=221.6129,14.6453 ± 3.2054,<LOD=112.1552,<LOD=0.0000,<LOD=1.0669,98.0775 ± 4.8363,<LOD=3.2631,,
5368,Mining,28.576,,,,,Fri Jun 19 2026 - 04:22:57,User,1.5,ppm,,,,,Covica_S3_1.8mm_R1,Mining,39.0164 ± 35.0295,17.6508 ± 2.2254,<LOD=5.7209,638448.8750 ± 2198.4878,<LOD=2.4832,<LOD=17.6223,<LOD=46.4844,<LOD=24.9362,59.0418 ± 5.8841,10665.1377 ± 107.5415,<LOD=0.0000,<LOD=3.3393,201.5208 ± 31.1506,<LOD=1.7930,<LOD=1.4666,18.2919 ± 6.2919,20.8352 ± 1.8852,<LOD=11.3943,<LOD=2.4318,<LOD=0.0000,<LOD=23.2752,<LOD=1.5575,<LOD=14.9843,1538.0554 ± 4.3771,<LOD=0.0000,<LOD=2.4741,<LOD=108.5315,18.6936 ± 3.7092,<LOD=17.2438,<LOD=0.0000,1.3881 ± 0.7975,64.7105 ± 4.1946,<LOD=3.9042,348620.8438 ± 899.5381,285.9116 ± 106.7861
5371,Mining,30.285,,,,,Fri Jun 19 2026 - 04:37:40,User,1.5,ppm,,,,,Covica_S4_0.63mm_R2,Mining,20.4977 ± 18.4037,8.3325 ± 2.0742,<LOD=5.6246,685515.7500 ± 1919.8444,<LOD=2.4046,<LOD=12.8345,<LOD=30.6716,<LOD=12.4460,22.9612 ± 4.8638,3879.3582 ± 68.4808,<LOD=0.0000,<LOD=3.1017,697.4702 ± 44.8433,<LOD=1.8101,<LOD=1.4462,<LOD=8.9547,26.3201 ± 1.9887,<LOD=11.0857,<LOD=2.4580,<LOD=0.0000,<LOD=22.6660,<LOD=1.5242,<LOD=14.5800,1524.4758 ± 4.3361,<LOD=0.0000,<LOD=3.5284,<LOD=50.1755,21.5101 ± 3.7220,12.7446 ± 8.6258,<LOD=0.0000,1.4246 ± 0.7978,39.9845 ± 3.5645,9.1954 ± 2.5946,307588.2188 ± 716.5089,631.7820 ± 92.9526
5372,Mining,30.641001,,,,,Fri Jun 19 2026 - 04:38:55,User,1.5,ppm,,,,,Covica_S4_1.18mm_R2,Mining,34.4617 ± 30.9405,21.7885 ± 2.5924,<LOD=6.0708,646118.6250 ± 2201.8420,<LOD=2.5489,<LOD=17.2988,<LOD=53.1680,<LOD=19.6002,22.6005 ± 5.1869,11512.5371 ± 117.1811,<LOD=0.0000,<LOD=4.8564,471.3540 ± 41.1644,<LOD=1.8993,<LOD=1.5513,10.1300 ± 6.8536,29.5680 ± 2.1940,<LOD=11.8948,<LOD=2.5797,<LOD=0.0000,<LOD=24.3584,<LOD=1.6947,<LOD=15.6360,1664.8015 ± 4.7910,<LOD=0.0000,<LOD=4.1605,<LOD=82.4786,14.5914 ± 3.9535,29.1531 ± 10.5794,<LOD=0.0000,2.0715 ± 0.8635,52.8423 ± 4.1136,<LOD=4.3070,339588.0938 ± 733.4231,427.3836 ± 90.0944
5373,Mining,20.346001,,,,,Fri Jun 19 2026 - 04:39:32,User,1.5,ppm,,,,,Covica_S4_1.18mm_R2,Mining,33.5784 ± 29.5384,22.0232 ± 2.4629,6.4600 ± 4.2060,985481.3125 ± 257.2165,<LOD=2.5353,16.8287 ± 8.3524,<LOD=51.9271,<LOD=65.1746,24.6282 ± 5.1499,12251.5156 ± 111.2073,<LOD=0.0000,<LOD=3.3099,380.8077 ± 38.1595,<LOD=1.7445,<LOD=1.4251,12.0267 ± 6.6551,28.4441 ± 2.0322,<LOD=10.8794,<LOD=2.3995,<LOD=0.0000,<LOD=21.7294,<LOD=1.6465,<LOD=14.1997,1514.8451 ± 4.2947,<LOD=0.0000,<LOD=3.0027,<LOD=243.2516,15.0699 ± 3.6303,142.0253 ± 84.9024,<LOD=0.0000,<LOD=1.5412,62.0178 ± 4.2197,8.4177 ± 2.5638,,
5374,Mining,20.284,,,,,Fri Jun 19 2026 - 04:40:18,User,1.5,ppm,,,,,Covica_S4_1.18mm_R2,Mining,19.1466 ± 16.8434,7.4121 ± 2.0981,<LOD=5.9144,993612.5000 ± 236.4163,<LOD=2.3536,<LOD=12.4935,<LOD=33.5090,<LOD=65.2364,22.1980 ± 5.1440,4208.4570 ± 72.3274,<LOD=0.0000,<LOD=4.4806,403.7094 ± 39.7297,<LOD=1.7828,<LOD=1.4452,<LOD=16.4970,26.5512 ± 2.0034,<LOD=10.8686,8.2295 ± 1.6655,<LOD=0.0000,<LOD=21.8593,<LOD=1.5622,<LOD=14.1061,1224.6908 ± 3.8863,<LOD=0.0000,2.7634 ± 1.6510,381.9860 ± 184.0910,14.1995 ± 3.3832,<LOD=149.5695,<LOD=0.0000,1.8207 ± 0.8305,38.8485 ± 3.6861,27.5011 ± 2.4386,,
